{"cameraMode":{"drawMode":0,"name":"Shaded","section":"Shading Mode"},"sceneLighting":true,"audioPlay":false,"sceneViewState":{"showFog":true,"showMaterialUpdate":false,"showSkybox":true,"showFlares":true,"showImageEffects":true,"showParticleSystems":true},"in2DMode":false,"pivot":{"x":251.46038818359376,"y":18.025283813476564,"z":247.37384033203126},"rotation":{"x":-0.17016156017780305,"y":-0.19025349617004395,"z":0.033503156155347827,"w":-0.9662956595420837},"size":73.69523620605469,"orthographic":true}