{"cameraMode":{"drawMode":0,"name":"Shaded","section":"Shading Mode"},"sceneLighting":true,"audioPlay":false,"sceneViewState":{"showFog":true,"showMaterialUpdate":false,"showSkybox":true,"showFlares":true,"showImageEffects":true,"showParticleSystems":true},"in2DMode":false,"pivot":{"x":0.4999999701976776,"y":0.4999999701976776,"z":0.3199999928474426},"rotation":{"x":-0.14970870316028596,"y":-0.021654464304447175,"z":0.0032798091415315868,"w":-0.9884893298149109},"size":3.143672227859497,"orthographic":true}